0,58.5392391*(100*OURS))|33.0057947*(100*THEIRS))|5.15691256*(100*OURSTHEIRS))|1.74034263*(100*BASE))|0.617352911*(100*OURSBASE))|0.463378975*(100*BASETHEIRS))|0.450750198*(100*EMPTY))|0.0262289986*(100*OURSBASETHEIRS))
1,35.5226998*(100*OURS))|26.5252281*(100*NON))|25.502913*(100*THEIRS))|8.40386941*(100*OURSTHEIRS))|2.46235023*(100*BASE))|0.615587556*(100*OURSBASE))|0.483675937*(100*BASETHEIRS))|0.406727493*(100*EMPTY))|0.0769484445*(100*OURSBASETHEIRS))
2-3,22.6916266*(100*OURS))|13.3232144*(100*THEIRS))|11.1223543*(100*NON))|12.3534868*(49.476678*NON_50.523322*OURS))|10.1863564*(49.6412804*NON_50.3587196*THEIRS))|8.04452315*(50.1048218*OURS_49.8951782*THEIRS))|4.12345054*(50.6475801*NON_49.3524199*OURSTHEIRS))|2.40323805*(49.1812865*OURSTHEIRS_50.8187135*THEIRS))|2.56345392*(51.2609649*OURS_48.7390351*OURSTHEIRS))|1.77080698*(100*OURSTHEIRS))|1.13837592*(46.0493827*BASE_53.9506173*OURS))|0.952862805*(48.0825959*BASE_51.9174041*NON))|1.06248419*(45.1058201*BASE_54.8941799*THEIRS))|0.404755882*(45.1388889*BASETHEIRS_54.8611111*THEIRS))|0.295134497*(53.3333333*NON_46.6666667*OURSBASE))|0.404755882*(57.6388889*OURS_42.3611111*OURSBASE))|0.244540012*(100*BASE))|0.26140484*(48.3870968*BASE_51.6129032*OURSTHEIRS))|0.303566911*(42.1296296*EMPTY_57.8703704*NON))|0.109621385*(47.4358974*OURSBASE_52.5641026*OURSTHEIRS))|0.151783456*(46.2962963*BASETHEIRS_53.7037037*OURS))|0.10118897*(45.8333333*OURSBASE_54.1666667*THEIRS))|0.10118897*(44.4444444*BASETHEIRS_55.5555556*NON))|0.0927565562*(48.4848485*EMPTY_51.5151515*OURS))|0.0505944852*(50*BASE_50*BASETHEIRS))|0.0590268994*(52.3809524*BASE_47.6190476*OURSBASE))|0.042162071*(50*BASETHEIRS_50*OURSTHEIRS))|0.0674593136*(47.9166667*EMPTY_52.0833333*THEIRS))|0.0505944852*(100*EMPTY))|0.0337296568*(100*OURSBASE))|0.0337296568*(45.8333333*OURSBASETHEIRS_54.1666667*OURSTHEIRS))|0.0168648284*(100*BASETHEIRS))|0.0505944852*(55.5555555*EMPTY_44.4444444*OURSTHEIRS))|0.0168648284*(50*OURS_50*OURSBASETHEIRS))|0.0168648284*(41.6666667*BASE_58.3333333*EMPTY))|0.0168648284*(41.6666667*OURSBASETHEIRS_58.3333333*THEIRS))|1.74550974*(33.3333333*NON_33.3333333*OURS_33.3333333*THEIRS))|0.758917278*(33.3333333*NON_33.3333333*OURS_33.3333333*OURSTHEIRS))|0.632431065*(33.3333333*NON_33.3333333*OURSTHEIRS_33.3333333*THEIRS))|0.463782781*(33.3333333*OURS_33.3333333*OURSTHEIRS_33.3333333*THEIRS))|0.269837254*(33.3333333*BASE_33.3333333*NON_33.3333333*THEIRS))|0.26140484*(33.3333333*BASE_33.3333333*NON_33.3333333*OURS))|0.177080698*(33.3333333*BASE_33.3333333*OURS_33.3333333*THEIRS))|0.134918627*(33.3333333*BASE_33.3333333*NON_33.3333333*OURSTHEIRS))|0.10118897*(33.3333333*NON_33.3333333*OURS_33.3333333*OURSBASE))|0.0927565562*(33.3333333*BASETHEIRS_33.3333333*NON_33.3333333*THEIRS))|0.0927565562*(33.3333333*BASE_33.3333333*OURS_33.3333333*OURSTHEIRS))|0.0758917278*(33.3333333*EMPTY_33.3333333*NON_33.3333333*OURS))|0.0590268994*(33.3333333*BASETHEIRS_33.3333333*OURS_33.3333333*THEIRS))|0.0505944852*(33.3333333*BASE_33.3333333*OURSTHEIRS_33.3333333*THEIRS))|0.042162071*(33.3333333*NON_33.3333333*OURSBASE_33.3333333*THEIRS))|0.042162071*(33.3333333*OURS_33.3333333*OURSBASE_33.3333333*OURSTHEIRS))|0.0337296568*(33.3333333*BASETHEIRS_33.3333333*OURSTHEIRS_33.3333333*THEIRS))|0.0337296568*(33.3333333*BASE_33.3333333*NON_33.3333333*OURSBASE))|0.0252972426*(33.3333333*BASETHEIRS_33.3333333*NON_33.3333333*OURS))|0.0252972426*(33.3333333*EMPTY_33.3333333*NON_33.3333333*THEIRS))|0.0252972426*(33.3333333*NON_33.3333333*OURSBASE_33.3333333*OURSTHEIRS))|0.0252972426*(33.3333333*OURSBASE_33.3333333*OURSTHEIRS_33.3333333*THEIRS))|0.0252972426*(33.3333333*OURS_33.3333333*OURSBASE_33.3333333*THEIRS))|0.0168648284*(33.3333333*BASETHEIRS_33.3333333*NON_33.3333333*OURSTHEIRS))|0.0168648284*(33.3333333*BASETHEIRS_33.3333333*OURS_33.3333333*OURSTHEIRS))|0.0168648284*(33.3333333*EMPTY_33.3333333*OURS_33.3333333*OURSBASE))|0.0168648284*(33.3333333*EMPTY_33.3333333*OURS_33.3333333*OURSTHEIRS))|0.0084324142*(33.3333333*BASETHEIRS_33.3333333*EMPTY_33.3333333*OURS))|0.0084324142*(33.3333333*BASETHEIRS_33.3333333*EMPTY_33.3333333*THEIRS))|0.0084324142*(33.3333333*BASETHEIRS_33.3333333*NON_33.3333333*OURSBASE))|0.0084324142*(33.3333333*BASE_33.3333333*BASETHEIRS_33.3333333*THEIRS))|0.0084324142*(33.3333333*BASE_33.3333333*EMPTY_33.3333333*OURS))|0.0084324142*(33.3333333*BASE_33.3333333*OURS_33.3333333*OURSBASE))|0.0084324142*(33.3333333*EMPTY_33.3333333*NON_33.3333333*OURSTHEIRS))|0.0084324142*(33.3333333*EMPTY_33.3333333*OURS_33.3333333*THEIRS))|0.0084324142*(66.6666667*NON_33.3333333*OURSBASETHEIRS))
4-7,15.3170029*(100*OURS))|7.29106628*(100*THEIRS))|14.2507205*(46.1189754*NON_53.8810246*OURS))|3.57348703*(100*NON))|9.19308357*(49.2487685*NON_50.7512315*THEIRS))|12.5936599*(34.7736188*NON_34.2876212*OURS_30.93876*THEIRS))|7.36311239*(52.7434535*OURS_47.2565465*THEIRS))|4.17867435*(37.5328407*NON_35.0681445*OURS_27.3990148*OURSTHEIRS))|2.4351585*(56.8653142*NON_43.1346858*OURSTHEIRS))|3.22766571*(25.9130528*NON_26.3297194*OURS_23.2153487*OURSTHEIRS_24.5418793*THEIRS))|3.24207493*(37.9830688*NON_28.8878307*OURSTHEIRS_33.1291005*THEIRS))|1.41210375*(62.6506317*OURS_37.3493683*OURSTHEIRS))|0.518731988*(100*OURSTHEIRS))|1.22478386*(38.5042017*OURSTHEIRS_61.4957983*THEIRS))|0.979827089*(22.8501401*BASE_33.4278711*NON_43.7219888*OURS))|1.93083573*(34.8312011*OURS_31.5334044*OURSTHEIRS_33.6353944*THEIRS))|0.677233429*(75.5471124*OURS_24.4528876*OURSBASE))|0.821325648*(32.0843777*BASE_67.9156223*THEIRS))|1.12391931*(24.6764347*BASE_36.2820513*NON_39.0415141*THEIRS))|0.432276657*(29.3730159*BASE_70.6269841*OURS))|0.288184438*(25.0238096*BASETHEIRS_74.9761904*THEIRS))|0.317002882*(36.2445887*BASE_63.7554113*NON))|0.90778098*(20.0151172*BASE_25.8956916*NON_27.0672714*OURS_27.0219199*THEIRS))|0.691642651*(22.8521826*BASE_36.359127*OURS_40.7886905*THEIRS))|0.129682997*(22.6984127*BASE_22.6984127*OURS_24.2857143*OURSTHEIRS_30.3174603*THEIRS))|0.273775216*(22.4310777*BASETHEIRS_28.283208*OURS_49.2857143*THEIRS))|0.201729107*(34.3537415*BASE_34.8639456*OURS_30.7823129*OURSTHEIRS))|0.374639769*(21.8040293*BASE_30.6684982*NON_24.3131868*OURSTHEIRS_23.2142857*THEIRS))|0.317002882*(19.7077922*BASE_32.9978355*NON_21.7640693*OURS_25.5303031*OURSTHEIRS))|0.489913545*(31.4145658*NON_46.7717087*OURS_21.8137255*OURSBASE))|0.23054755*(24.7619048*EMPTY_49.3303571*NON_25.9077381*OURS))|0.259365994*(20.0925926*BASETHEIRS_40.6084656*NON_39.2989418*THEIRS))|0.187319885*(19.5054945*BASETHEIRS_28.2234432*NON_30.3846154*OURS_21.8864469*THEIRS))|0.0720461095*(23*BASE_23*BASETHEIRS_27*NON_27*OURS))|0.0720461095*(100*BASE))|0.0864553314*(20.436508*BASETHEIRS_27.3809524*NON_52.1825397*OURS))|0.201729107*(21.1904762*BASE_33.0952381*NON_45.7142857*OURSTHEIRS))|0.129682997*(24.6296296*BASE_26.8518519*OURSTHEIRS_48.5185185*THEIRS))|0.201729107*(22.7380952*EMPTY_45.3571429*NON_31.9047619*THEIRS))|0.100864553*(23.0612245*EMPTY_25.9183673*NON_27.9591837*OURS_23.0612245*THEIRS))|0.0720461095*(30*EMPTY_44*OURS_26*THEIRS))|0.0432276657*(33.3333333*EMPTY_66.6666667*THEIRS))|0.0720461095*(61.6666667*NON_38.3333333*OURSBASE))|0.0864553314*(46.1111111*NON_26.9444444*OURSBASE_26.9444444*THEIRS))|0.0144092219*(75*NON_25*BASETHEIRS))|0.0288184438*(19.6428571*BASETHEIRS_48.2142857*NON_32.1428571*OURSTHEIRS))|0.0144092219*(75*OURSTHEIRS_25*BASETHEIRS))|0.0432276657*(19.7619048*BASETHEIRS_29.2857143*OURSTHEIRS_50.952381*THEIRS))|0.0288184438*(37.5*BASE_62.5*OURSTHEIRS))|0.0144092219*(50*NON_25*BASE_25*EMPTY))|0.0288184438*(22.5*BASE_32.5*OURS_22.5*OURSBASE_22.5*OURSTHEIRS))|0.0288184438*(100*EMPTY))|0.144092219*(45.3809524*EMPTY_54.6190476*NON))|0.0144092219*(50*OURSTHEIRS_25*EMPTY_25*NON))|0.0288184438*(19.6428571*EMPTY_26.7857143*NON_19.6428571*OURSTHEIRS_33.9285714*THEIRS))|0.0144092219*(50*OURSTHEIRS_25*EMPTY_25*THEIRS))|0.0144092219*(25*EMPTY_25*OURS_25*OURSTHEIRS_25*THEIRS))|0.0864553314*(49.8015873*EMPTY_50.1984127*OURS))|0.0144092219*(50*OURS_25*EMPTY_25*OURSTHEIRS))|0.0144092219*(75*NON_25*OURSBASETHEIRS))|0.0288184438*(35*NON_22.5*OURSBASETHEIRS_42.5*OURSTHEIRS))|0.259365994*(24.8544974*NON_32.6322751*OURS_18.7433863*OURSBASE_23.7698413*THEIRS))|0.0288184438*(100*OURSBASE))|0.0144092219*(75*OURSTHEIRS_25*OURSBASE))|0.0576368876*(22.5*OURSBASE_33.75*OURSTHEIRS_43.75*THEIRS))|0.0288184438*(22.5*OURSBASE_77.5*THEIRS))|0.172910663*(53.9880953*OURS_21.1904762*OURSBASE_24.8214286*THEIRS))|0.0432276657*(32.7777778*OURS_20.5555556*OURSBASE_26.1111111*OURSTHEIRS_20.5555556*THEIRS))|0.288184438*(17.1666667*BASE_21.2142857*NON_20.3809524*OURS_20.0238095*OURSTHEIRS_21.2142857*THEIRS))|0.0144092219*(40*NON_20*BASETHEIRS_20*OURS_20*OURSBASE))|0.115273775*(16.3095238*BASETHEIRS_29.1071429*NON_26.547619*OURSTHEIRS_28.0357143*THEIRS))|0.0288184438*(17.1428572*BASETHEIRS_17.1428572*NON_24.2857143*OURS_17.1428572*OURSTHEIRS_24.2857143*THEIRS))|0.0144092219*(60*OURSTHEIRS_20*BASETHEIRS_20*OURS))|0.0288184438*(18.3333334*BASE_28.3333334*BASETHEIRS_53.3333333*THEIRS))|0.0144092219*(40*THEIRS_20*BASE_20*BASETHEIRS_20*NON))|0.0144092219*(60*BASE_20*EMPTY_20*OURS))|0.0144092219*(40*BASE_20*NON_20*OURSBASE_20*THEIRS))|0.0144092219*(40*BASE_40*OURS_20*OURSBASE))|0.0288184438*(17.1428572*BASE_17.1428572*NON_31.4285714*OURS_17.1428572*OURSBASE_17.1428572*THEIRS))|0.0144092219*(40*OURSBASE_40*THEIRS_20*BASE))|0.0720461095*(21.7142857*EMPTY_32*NON_24.5714286*OURS_21.7142857*OURSTHEIRS))|0.0288184438*(28.3333334*NON_26.6666667*OURS_18.3333334*OURSBASE_26.6666667*OURSTHEIRS))|0.0144092219*(60*OURSTHEIRS_20*NON_20*OURSBASE))|0.0144092219*(40*OURSTHEIRS_20*NON_20*OURSBASE_20*THEIRS))|0.0288184438*(17.1428572*NON_17.1428572*OURS_17.1428572*OURSBASE_17.1428572*OURSTHEIRS_31.4285714*THEIRS))|0.0144092219*(40*OURS_20*NON_20*OURSBASETHEIRS_20*THEIRS))|0.0144092219*(60*THEIRS_20*OURSBASETHEIRS_20*OURSTHEIRS))|0.0144092219*(40*OURS_40*OURSTHEIRS_20*OURSBASETHEIRS))|0.0144092219*(40*OURS_40*THEIRS_20*OURSBASETHEIRS))|0.0576368876*(27.9761905*BASETHEIRS_72.0238095*OURS))|0.0576368876*(14.8809524*BASETHEIRS_18.452381*OURS_22.0238095*OURSTHEIRS_44.6428572*THEIRS))|0.0144092219*(33.3333333*BASETHEIRS_33.3333333*THEIRS_16.6666667*BASE_16.6666667*OURS))|0.0144092219*(50*BASE_33.3333333*BASETHEIRS_16.6666667*NON))|0.0144092219*(33.3333333*OURS_16.6666667*BASE_16.6666667*EMPTY_16.6666667*NON_16.6666667*THEIRS))|0.0144092219*(33.3333333*THEIRS_16.6666667*EMPTY_16.6666667*NON_16.6666667*OURS_16.6666667*OURSBASE))|0.0288184438*(38.0952381*NON_30.952381*OURS_15.4761905*OURSBASETHEIRS_15.4761905*OURSTHEIRS))|0.0144092219*(66.6666667*OURS_16.6666667*NON_16.6666667*OURSBASETHEIRS))|0.0144092219*(66.6666667*OURS_16.6666667*OURSBASE_16.6666667*OURSTHEIRS))|0.0144092219*(100*BASETHEIRS))|0.0288184438*(14.2857143*BASETHEIRS_42.8571428*NON_14.2857143*OURS_28.5714286*OURSTHEIRS))|0.0144092219*(42.8571429*THEIRS_14.2857143*BASETHEIRS_14.2857143*NON_14.2857143*OURS_14.2857143*OURSBASE))|0.0288184438*(14.2857143*BASE_14.2857143*BASETHEIRS_35.7142857*NON_14.2857143*OURS_21.4285714*THEIRS))|0.0288184438*(21.4285714*BASE_21.4285714*EMPTY_35.7142857*OURS_21.4285714*THEIRS))|0.0144092219*(28.5714286*BASE_28.5714286*NON_28.5714286*THEIRS_14.2857143*OURSBASETHEIRS))|0.0144092219*(28.5714286*NON_28.5714286*OURSTHEIRS_14.2857143*BASE_14.2857143*OURS_14.2857143*OURSBASE))|0.0144092219*(42.8571429*OURSTHEIRS_28.5714286*THEIRS_14.2857143*BASE_14.2857143*OURSBASE))|0.0144092219*(42.8571429*OURS_28.5714286*THEIRS_14.2857143*BASE_14.2857143*OURSBASE))|0.0144092219*(85.7142857*EMPTY_14.2857143*OURSTHEIRS))|0.0144092219*(42.8571429*NON_14.2857143*OURS_14.2857143*OURSBASETHEIRS_14.2857143*OURSTHEIRS_14.2857143*THEIRS))
8-15,10.9682948*(100*OURS))|4.74150243*(100*THEIRS))|10.454156*(38.1587584*NON_61.8412416*OURS))|1.71379606*(100*NON))|4.65581262*(53.2602248*OURS_46.7397752*THEIRS))|6.99800057*(44.4902569*NON_55.5097431*THEIRS))|19.6229649*(35.9580376*NON_34.6090954*OURS_29.432867*THEIRS))|10.3684662*(31.3358328*NON_25.6038964*OURS_17.3831946*OURSTHEIRS_25.6770762*THEIRS))|0.59982862*(16.0987822*BASE_83.9012178*THEIRS))|0.771208226*(65.3864037*NON_34.6135963*OURSTHEIRS))|3.91316767*(34.6730662*NON_45.5188405*OURS_19.8080934*OURSTHEIRS))|0.371322479*(71.7074592*OURS_28.2925408*OURSTHEIRS))|0.999714367*(15.8002394*BASE_29.9904619*NON_54.2092986*THEIRS))|2.05655527*(39.2518824*NON_19.8964307*OURSTHEIRS_40.8516869*THEIRS))|1.02827763*(11.9454311*BASE_38.228392*NON_49.8261769*OURS))|0.771208226*(11.9315253*BASE_36.5613707*NON_33.4589588*OURS_18.0481453*OURSTHEIRS))|0.285632676*(10.4217172*BASE_89.5782828*OURS))|0.885461297*(25.0262909*NON_38.7725089*OURS_10.3046147*OURSBASE_25.8965855*THEIRS))|0.314195944*(9.79381729*BASETHEIRS_37.1095571*OURS_53.0966256*THEIRS))|0.257069409*(10.5989689*BASETHEIRS_89.4010311*THEIRS))|2.97057983*(12.6425871*BASE_31.3076987*NON_29.1876073*OURS_26.8621069*THEIRS))|2.31362468*(10.5552609*BASE_26.4807381*NON_24.8300088*OURS_16.5695621*OURSTHEIRS_21.5644301*THEIRS))|0.171379606*(11.7857143*BASE_16.547619*NON_33.2142857*OURS_9.4047619*OURSBASE_12.2619048*OURSTHEIRS_16.7857143*THEIRS))|0.59982862*(13.0274355*BASE_33.1464832*OURS_53.8260813*THEIRS))|0.799771494*(26.3337654*NON_64.210809*OURS_9.45542552*OURSBASE))|0.48557555*(29.7517026*OURSTHEIRS_70.2482975*THEIRS))|1.31391031*(51.0368858*OURS_16.5881522*OURSTHEIRS_32.374962*THEIRS))|0.656955156*(86.1906572*OURS_13.8093428*OURSBASE))|0.142816338*(17.8030303*BASETHEIRS_37.1212121*NON_45.0757576*THEIRS))|0.457012282*(9.89815739*BASETHEIRS_30.669851*NON_26.9587877*OURS_17.0696318*OURSTHEIRS_15.4035721*THEIRS))|0.114253071*(10.1884921*BASETHEIRS_36.1904762*NON_37.0833333*OURS_16.5376984*OURSTHEIRS))|0.742644959*(10.7639476*BASETHEIRS_26.7172678*NON_27.1250117*OURS_35.3937729*THEIRS))|0.0856898029*(11.2037037*BASETHEIRS_18.7037037*NON_70.0925926*OURS))|0.199942873*(12.7952999*BASETHEIRS_25.1669759*NON_16.5940012*OURSTHEIRS_45.4437229*THEIRS))|0.0285632676*(62.5*THEIRS_25*BASETHEIRS_12.5*BASE))|0.0285632676*(62.5*THEIRS_12.5*BASE_12.5*BASETHEIRS_12.5*NON))|0.914024564*(13.5880612*BASE_31.0436959*NON_21.9239268*OURSTHEIRS_33.4443161*THEIRS))|0.0285632676*(37.5*BASE_37.5*NON_12.5*EMPTY_12.5*THEIRS))|0.399885747*(13.9310491*BASE_40.4660221*OURS_17.7579167*OURSTHEIRS_27.8450121*THEIRS))|0.0856898029*(10.9006734*BASE_10.9006734*EMPTY_24.8316498*NON_13.9309764*OURS_18.0976431*OURSTHEIRS_21.3383838*THEIRS))|0.0285632676*(62.5*NON_25*OURSTHEIRS_12.5*BASE))|0.0285632676*(25*NON_25*OURSTHEIRS_25*THEIRS_12.5*BASE_12.5*OURSBASE))|0.0571265353*(10.0961538*BASE_21.6346154*NON_29.3269231*OURS_16.3461538*OURSBASE_22.5961538*OURSTHEIRS))|0.0856898029*(9.97474747*BASE_61.9949495*OURS_28.030303*OURSTHEIRS))|0.571265353*(16.4464841*EMPTY_43.1896853*NON_40.3638306*OURS))|0.228506141*(21.7960858*EMPTY_42.4621212*NON_35.7417929*THEIRS))|0.885461297*(12.7941324*EMPTY_33.1527254*NON_32.7136394*OURS_21.3395028*THEIRS))|0.371322479*(10.124683*EMPTY_30.6586362*NON_25.2254156*OURS_12.5605804*OURSTHEIRS_21.4306847*THEIRS))|0.142816338*(42.9456654*EMPTY_57.0543346*NON))|0.0571265353*(17.3611111*EMPTY_82.6388889*OURS))|0.0856898029*(25.8333333*NON_24.1666667*OURS_15*OURSBASETHEIRS_10.8333333*OURSTHEIRS_24.1666667*THEIRS))|0.0571265353*(16.6666667*NON_10.4166667*OURS_10.4166667*OURSBASETHEIRS_62.5*THEIRS))|0.399885747*(24.4972091*NON_37.3201204*OURS_9.35526774*OURSBASE_14.6369702*OURSTHEIRS_14.1904326*THEIRS))|0.142816338*(29.525641*NON_45.7478633*OURS_12.7051282*OURSBASE_12.0213675*OURSTHEIRS))|0.0856898029*(22.3148148*OURS_14.537037*OURSBASE_15.3703704*OURSTHEIRS_47.7777778*THEIRS))|0.371322479*(42.4655473*OURS_11.9722799*OURSBASE_45.5621729*THEIRS))|0.0856898029*(44.4444444*NON_22.2222222*OURS_11.1111111*BASETHEIRS_11.1111111*OURSBASE_11.1111111*THEIRS))|0.0571265353*(88.8888889*THEIRS_11.1111111*OURSBASE))|0.0285632676*(66.6666667*THEIRS_22.2222222*BASETHEIRS_11.1111111*OURSTHEIRS))|0.0571265353*(11.1111111*BASETHEIRS_61.1111111*OURS_11.1111111*OURSTHEIRS_16.6666666*THEIRS))|0.228506141*(12.0789627*BASE_9.55371018*BASETHEIRS_21.8240093*NON_19.5090326*OURS_37.0342852*THEIRS))|0.0285632676*(66.6666667*THEIRS_11.1111111*BASE_11.1111111*BASETHEIRS_11.1111111*OURSTHEIRS))|0.0856898029*(12.1452621*BASE_9.11495911*BASETHEIRS_22.6070226*OURS_56.1327561*THEIRS))|0.0856898029*(38.7037037*BASE_61.2962963*NON))|0.0571265353*(9.40170939*BASE_22.6495726*OURSTHEIRS_67.9487179*THEIRS))|0.114253071*(11.6452991*BASE_60.2029914*OURS_9.5619658*OURSBASE_18.5897435*THEIRS))|0.114253071*(14.9603174*EMPTY_43.2142857*NON_20.2380952*OURSTHEIRS_21.5873016*THEIRS))|0.142816338*(13.2991453*EMPTY_46.6837607*NON_17.6581197*OURS_22.3589743*OURSTHEIRS))|0.0571265353*(40.079365*NON_9.12698412*OURSBASE_14.6825397*OURSTHEIRS_36.1111111*THEIRS))|0.0285632676*(100*OURSTHEIRS))|0.0285632676*(80*OURS_10*BASETHEIRS_10*OURSBASE))|0.0285632676*(50*THEIRS_20*OURS_10*BASE_10*BASETHEIRS_10*OURSBASE))|0.0571265353*(25.8333333*BASE_9.16666667*EMPTY_39.1666667*NON_25.8333333*OURS))|0.0285632676*(50*NON_20*OURS_20*OURSBASE_10*BASE))|0.0285632676*(70*OURS_20*OURSBASE_10*BASE))|0.114253071*(13.3624709*EMPTY_54.5804196*OURS_32.0571095*THEIRS))|0.0571265353*(41.6666667*NON_9.16666667*OURSBASE_49.1666667*THEIRS))|0.0285632676*(36.3636364*NON_36.3636364*OURS_9.09090909*BASETHEIRS_9.09090909*EMPTY_9.09090909*THEIRS))|0.0571265353*(13.2575758*BASE_25.3787879*OURS_8.71212121*OURSBASE_8.71212121*OURSTHEIRS_43.9393939*THEIRS))|0.0285632676*(36.3636364*NON_36.3636364*THEIRS_9.09090909*BASE_9.09090909*EMPTY_9.09090909*OURS))|0.0285632676*(54.5454545*NON_27.2727273*OURS_9.09090909*EMPTY_9.09090909*OURSBASE))|0.0285632676*(63.6363636*OURS_9.09090909*EMPTY_9.09090909*NON_9.09090909*OURSBASE_9.09090909*THEIRS))|0.0571265353*(41.6666667*EMPTY_25*BASE_8.33333333*NON_8.33333333*OURSBASE_8.33333333*OURSTHEIRS_8.33333333*THEIRS))|0.0571265353*(83.3333333*EMPTY_16.6666667*THEIRS))|0.0285632676*(41.6666667*OURSTHEIRS_33.3333333*OURS_8.33333333*BASE_8.33333333*BASETHEIRS_8.33333333*THEIRS))|0.0285632676*(50*NON_25*OURS_8.33333333*BASE_8.33333333*EMPTY_8.33333333*OURSTHEIRS))|0.0285632676*(41.6666667*OURSTHEIRS_33.3333333*NON_8.33333333*OURSBASE_8.33333333*OURSBASETHEIRS_8.33333333*THEIRS))|0.0285632676*(83.3333333*OURS_8.33333333*OURSBASE_8.33333333*OURSTHEIRS))|0.0285632676*(84.6153846*NON_7.69230769*BASETHEIRS_7.69230769*OURSTHEIRS))|0.0285632676*(46.6666667*THEIRS_26.6666667*OURSTHEIRS_13.3333333*NON_6.66666667*BASETHEIRS_6.66666667*OURSBASE))|0.0571265353*(6.66666667*BASE_6.66666667*BASETHEIRS_40*NON_16.6666666*OURS_16.6666666*OURSTHEIRS_13.3333333*THEIRS))|0.0571265353*(9.99999998*BASE_23.3333334*NON_50*OURS_6.66666667*OURSBASE_9.99999998*THEIRS))
16-31,10.5943152*(100*OURS))|5.29715762*(100*THEIRS))|6.97674419*(30.3668587*NON_69.6331413*OURS))|19.5090439*(36.1505331*NON_38.9804824*OURS_24.8689846*THEIRS))|3.16537468*(44.1111219*NON_55.8888781*THEIRS))|0.775193798*(9.41653726*BASE_40.844893*OURS_49.7385697*THEIRS))|3.74677003*(7.26349702*BASE_23.5190587*NON_35.6628299*OURS_33.5546143*THEIRS))|1.03359173*(100*NON))|15.8914729*(36.095308*NON_27.9223947*OURS_11.9779321*OURSTHEIRS_24.0043652*THEIRS))|3.61757106*(53.744159*OURS_46.255841*THEIRS))|0.581395349*(13.1597444*BASETHEIRS_86.8402556*THEIRS))|0.258397933*(6.34722222*BASETHEIRS_26.4097222*NON_67.2430556*THEIRS))|0.0645994832*(68.75*THEIRS_6.25*BASETHEIRS_6.25*EMPTY_6.25*NON_6.25*OURS_6.25*OURSBASE))|0.968992248*(6.85893778*BASETHEIRS_25.5820289*NON_26.0224116*OURS_41.5366217*THEIRS))|0.904392765*(4.65132298*BASETHEIRS_19.211421*NON_29.7759473*OURS_9.73817914*OURSTHEIRS_36.6231296*THEIRS))|0.0645994832*(56.25*OURS_31.25*NON_6.25*BASE_6.25*BASETHEIRS))|0.645994832*(6.15508482*BASE_4.97861423*BASETHEIRS_22.7591471*NON_32.177241*OURS_33.9299129*THEIRS))|5.16795866*(6.48231354*BASE_33.0083611*NON_26.9321021*OURS_11.8503424*OURSTHEIRS_21.7268808*THEIRS))|0.645994832*(9.73722019*BASE_19.2730668*NON_44.1476598*OURS_5.49149369*OURSBASE_21.3505596*THEIRS))|0.129198966*(8.42391305*BASE_5.29891304*EMPTY_64.8097826*NON_16.1684782*OURS_5.29891304*OURSTHEIRS))|0.129198966*(8.52272727*BASE_91.4772727*OURS))|0.581395349*(7.83764398*BASE_27.8188727*NON_64.3434834*OURS))|0.322997416*(5.82326892*BASE_44.2169887*NON_39.1928341*OURS_10.7669082*OURSTHEIRS))|0.387596899*(5.17871628*BASE_18.8393194*NON_13.7798427*OURSTHEIRS_62.2021216*THEIRS))|1.61498708*(7.31512899*EMPTY_46.494327*NON_26.1414622*OURS_20.0490819*THEIRS))|2.06718346*(43.756707*NON_43.2323573*OURS_13.0109357*OURSTHEIRS))|0.710594315*(37.9826639*NON_18.4001203*OURSTHEIRS_43.6172158*THEIRS))|1.5503876*(27.1757948*NON_49.5584577*OURS_5.31539968*OURSBASE_17.9503478*THEIRS))|0.516795866*(14.9080333*NON_78.5962703*OURS_6.49569637*OURSBASE))|1.1627907*(29.5721069*NON_25.8230661*OURS_5.82583067*OURSBASE_13.3108902*OURSTHEIRS_25.4681062*THEIRS))|0.387596899*(69.384296*OURS_5.66743734*OURSBASE_24.9482667*THEIRS))|1.09819121*(92.4357318*OURS_7.56426819*OURSBASE))|0.258397933*(93.0195433*OURS_6.98045666*OURSTHEIRS))|1.48578811*(5.66101254*EMPTY_33.597718*NON_25.1019812*OURS_12.238742*OURSTHEIRS_23.4005462*THEIRS))|0.452196382*(7.91286375*BASETHEIRS_9.50273045*OURS_82.5844058*THEIRS))|0.129198966*(8.82352942*BASE_8.82352942*BASETHEIRS_35.2941177*OURS_47.0588235*THEIRS))|0.516795866*(4.84691058*BASE_4.96451811*EMPTY_28.1668307*NON_25.3586939*OURS_13.0951046*OURSTHEIRS_23.5679421*THEIRS))|0.19379845*(6.1426025*BASE_32.4884135*NON_17.0124777*OURS_4.80926916*OURSBASETHEIRS_6.32442068*OURSTHEIRS_33.2228164*THEIRS))|0.516795866*(5.37103429*EMPTY_36.1040068*NON_58.5249589*OURS))|0.0645994832*(47.0588235*OURS_41.1764706*OURSTHEIRS_5.88235294*NON_5.88235294*OURSBASETHEIRS))|0.129198966*(5.11508952*OURSTHEIRS_94.8849105*THEIRS))|0.516795866*(37.3020378*OURS_8.13852441*OURSTHEIRS_54.5594378*THEIRS))|0.516795866*(8.81583693*BASE_91.1841631*THEIRS))|0.322997416*(4.3978606*BASETHEIRS_24.3857833*NON_17.8795721*OURS_5.5089717*OURSBASE_8.74568668*OURSTHEIRS_39.0821256*THEIRS))|0.129198966*(8.04093568*BASETHEIRS_16.0818714*NON_67.8362573*OURS_8.04093568*OURSTHEIRS))|0.710594315*(11.2517798*BASE_23.4043797*NON_65.3438405*THEIRS))|0.0645994832*(83.3333333*THEIRS_11.1111111*OURSTHEIRS_5.55555556*BASE))|0.258397933*(8.47181361*BASE_19.5829247*OURS_16.7102539*OURSTHEIRS_55.2350078*THEIRS))|0.0645994832*(78.9473684*NON_21.0526316*BASE))|0.0645994832*(42.1052632*OURS_36.8421053*EMPTY_10.5263158*NON_5.26315789*BASE_5.26315789*OURSBASE))|0.129198966*(4.90430622*EMPTY_41.8660287*NON_48.3253589*OURS_4.90430622*OURSTHEIRS))|0.258397933*(60.7519851*NON_39.2480149*OURSTHEIRS))|0.129198966*(31.3765182*NON_56.8825911*OURS_4.55465587*OURSBASE_7.18623482*OURSTHEIRS))|0.581395349*(5.85483951*BASE_5.31679283*BASETHEIRS_19.5447165*NON_16.4851505*OURS_6.47889696*OURSTHEIRS_46.3196037*THEIRS))|0.129198966*(9.76190476*BASE_4.88095238*BASETHEIRS_12.2619048*NON_73.0952381*THEIRS))|0.129198966*(7.26190476*BASE_60.5952381*OURS_9.88095238*OURSBASE_22.2619048*THEIRS))|0.0645994832*(50*NON_45*THEIRS_5*EMPTY))|0.0645994832*(90*OURS_5*OURSBASE_5*OURSTHEIRS))|0.258397933*(4.4679089*BASETHEIRS_4.4679089*EMPTY_27.9482402*NON_18.6645963*OURS_12.6977225*OURSTHEIRS_31.7536232*THEIRS))|0.0645994832*(80.952381*THEIRS_4.76190476*BASE_4.76190476*BASETHEIRS_4.76190476*NON_4.76190476*OURSTHEIRS))|0.0645994832*(52.3809524*OURSBASE_33.3333333*OURS_4.76190476*BASE_4.76190476*BASETHEIRS_4.76190476*THEIRS))|0.387596899*(4.20672229*BASE_9.05447022*NON_52.1741284*OURS_4.20672229*OURSBASE_12.5171618*OURSTHEIRS_17.840795*THEIRS))|0.0645994832*(86.3636364*NON_4.54545455*BASETHEIRS_4.54545455*OURS_4.54545455*OURSBASE))|0.0645994832*(45.4545455*NON_36.3636364*OURS_13.6363636*EMPTY_4.54545455*BASE))|0.0645994832*(86.3636364*THEIRS_9.09090909*NON_4.54545455*OURSBASE))|0.0645994832*(47.826087*OURS_21.7391304*NON_17.3913043*THEIRS_8.69565217*OURSBASETHEIRS_4.34782609*OURSTHEIRS))|0.0645994832*(33.3333333*OURS_33.3333333*THEIRS_12.5*OURSTHEIRS_8.33333333*NON_4.16666667*BASE_4.16666667*BASETHEIRS_4.16666667*OURSBASE))|0.0645994832*(54.1666667*OURS_20.8333333*THEIRS_12.5*NON_4.16666667*OURSBASE_4.16666667*OURSBASETHEIRS_4.16666667*OURSTHEIRS))|0.0645994832*(64*OURS_28*NON_4*BASETHEIRS_4*EMPTY))|0.0645994832*(64*THEIRS_24*OURSTHEIRS_8*NON_4*BASETHEIRS))|0.0645994832*(60*OURS_16*NON_16*THEIRS_4*EMPTY_4*OURSBASE))|0.0645994832*(37.037037*THEIRS_29.6296296*OURS_25.9259259*NON_3.7037037*BASETHEIRS_3.7037037*EMPTY))|0.0645994832*(83.3333333*OURS_10*NON_3.33333333*BASE_3.33333333*OURSBASE))|0.0645994832*(90.3225806*THEIRS_3.22580645*BASETHEIRS_3.22580645*OURS_3.22580645*OURSTHEIRS))
32-63,2.33236152*(10.2975354*EMPTY_37.2621536*NON_21.7079824*OURS_11.5854905*OURSTHEIRS_19.1468381*THEIRS))|3.06122449*(6.6527021*EMPTY_38.0207986*NON_30.9352368*OURS_24.3912625*THEIRS))|1.02040816*(64.8402218*NON_4.4851868*OURSTHEIRS_30.6745914*THEIRS))|0.728862974*(31.2750305*NON_65.8351648*OURS_2.88980464*OURSTHEIRS))|2.18658892*(28.8750171*NON_71.1249829*THEIRS))|10.6413994*(100*OURS))|1.16618076*(3.86448624*BASETHEIRS_28.0627896*NON_23.0868693*OURS_6.10892208*OURSTHEIRS_38.8769328*THEIRS))|0.145772595*(46.875*NON_21.875*THEIRS_15.625*OURS_6.25*BASETHEIRS_6.25*OURSBASE_3.125*BASE))|7.14285714*(3.81622707*BASE_29.4599373*NON_29.5694119*OURS_9.62552374*OURSTHEIRS_27.5288999*THEIRS))|0.437317784*(4.67949567*BASE_11.6051713*OURS_83.715333*THEIRS))|0.583090379*(2.20435789*BASE_2.74783615*EMPTY_38.7308776*NON_32.7302234*OURS_5.03270934*OURSTHEIRS_18.5539955*THEIRS))|0.728862974*(2.43638306*BASE_2.43638306*EMPTY_38.7956488*NON_43.1910451*OURS_13.14054*THEIRS))|0.583090379*(2.26537795*BASE_12.3074861*NON_50.1426301*OURS_2.84677329*OURSBASE_32.4377327*THEIRS))|3.93586006*(5.00432925*BASE_27.3866635*NON_39.2896441*OURS_28.3193632*THEIRS))|0.145772595*(84.375*EMPTY_9.375*OURS_3.125*OURSBASE_3.125*THEIRS))|1.89504373*(100*NON))|14.4314869*(37.9548344*NON_37.1693123*OURS_24.8758533*THEIRS))|12.3906706*(41.0777131*NON_26.9077314*OURS_7.50950307*OURSTHEIRS_24.5050525*THEIRS))|4.66472303*(16.4915788*NON_83.5084212*OURS))|2.9154519*(10.7296613*NON_62.9836058*OURS_3.72894968*OURSBASE_22.5577832*THEIRS))|1.60349854*(96.2395726*OURS_3.7604274*OURSBASE))|3.35276968*(39.9962312*OURS_60.0037687*THEIRS))|5.6851312*(100*THEIRS))|0.437317784*(15.1762523*BASE_84.8237477*THEIRS))|2.9154519*(4.5316249*BASE_23.5559248*NON_35.7755712*OURS_3.1120102*OURSBASE_8.46420617*OURSTHEIRS_24.5606627*THEIRS))|1.45772595*(16.8657476*NON_50.4924996*OURS_9.20773726*OURSBASE_10.3335154*OURSTHEIRS_13.1005002*THEIRS))|1.02040816*(4.27019759*NON_90.3679749*OURS_5.36182754*OURSBASE))|0.437317784*(32.6424853*OURS_3.26705629*OURSTHEIRS_64.0904585*THEIRS))|1.45772595*(3.47187948*BASETHEIRS_17.2056429*NON_23.1275987*OURS_56.194879*THEIRS))|0.145772595*(73.5294118*THEIRS_17.6470588*OURS_5.88235294*OURSTHEIRS_2.94117647*BASETHEIRS))|1.02040816*(2.82643472*BASE_4.28291787*BASETHEIRS_19.1049107*NON_17.2125442*OURS_56.5731926*THEIRS))|0.29154519*(4.7314578*BASE_16.4961637*NON_36.0613811*OURS_5.49872123*OURSBASE_2.55754475*OURSBASETHEIRS_17.9028133*OURSTHEIRS_16.7519182*THEIRS))|0.145772595*(97.0588235*OURS_2.94117647*BASE))|0.728862974*(4.5079365*BASE_14.4603175*NON_81.031746*THEIRS))|0.874635569*(88.7719379*OURS_4.26169186*OURSBASE_6.96637023*THEIRS))|0.437317784*(5.45808967*BASETHEIRS_14.1325536*OURS_80.4093567*THEIRS))|0.29154519*(3.721174*BASETHEIRS_96.2788259*THEIRS))|0.437317784*(3.51516675*BASETHEIRS_5.06954919*NON_91.4152841*THEIRS))|0.145772595*(50*OURSTHEIRS_22.2222222*NON_19.4444444*BASE_5.55555556*THEIRS_2.77777778*OURSBASE))|0.145772595*(81.0810811*OURS_8.10810811*NON_5.40540541*OURSTHEIRS_2.7027027*BASE_2.7027027*BASETHEIRS))|0.728862974*(4.05170482*BASE_2.51382603*BASETHEIRS_42.0615436*NON_15.8993922*OURS_8.20959955*OURSTHEIRS_27.2639338*THEIRS))|0.145772595*(94.5945946*EMPTY_5.40540541*OURSTHEIRS))|0.29154519*(2.56578947*EMPTY_7.7631579*NON_42.8947369*OURS_2.56578947*OURSBASE_8.88157894*OURSTHEIRS_35.3289473*THEIRS))|0.145772595*(89.4736842*OURS_5.26315789*NON_2.63157895*OURSBASE_2.63157895*OURSTHEIRS))|0.437317784*(2.36299648*BASE_11.2619407*BASETHEIRS_14.3288084*OURS_5.7817999*OURSTHEIRS_66.2644545*THEIRS))|1.16618076*(2.64441291*BASE_31.873419*NON_65.4821681*OURS))|0.29154519*(2.23039216*BASE_27.7205882*OURS_3.21078431*OURSTHEIRS_66.8382353*THEIRS))|0.145772595*(95*THEIRS_5*OURSTHEIRS))|0.145772595*(80.4878049*NON_7.31707317*BASE_2.43902439*BASETHEIRS_2.43902439*EMPTY_2.43902439*OURS_2.43902439*OURSTHEIRS_2.43902439*THEIRS))|0.145772595*(59.5238095*NON_38.0952381*EMPTY_2.38095238*OURS))|0.145772595*(46.5116279*OURS_25.5813953*NON_20.9302326*THEIRS_2.3255814*BASE_2.3255814*EMPTY_2.3255814*OURSBASE))|0.145772595*(83.7209302*OURS_9.30232558*NON_2.3255814*BASE_2.3255814*OURSBASE_2.3255814*OURSTHEIRS))|0.145772595*(86.0465116*OURS_9.30232558*THEIRS_2.3255814*OURSBASE_2.3255814*OURSTHEIRS))|0.29154519*(6.40610547*BASETHEIRS_11.8640148*NON_33.5106383*OURS_2.15078631*OURSBASE_3.2146161*OURSTHEIRS_42.853839*THEIRS))|0.145772595*(44.6808511*OURSTHEIRS_34.0425532*NON_12.7659574*THEIRS_4.25531915*BASE_2.12765957*OURS_2.12765957*OURSBASETHEIRS))|0.437317784*(3.1570523*BASE_2.50345752*BASETHEIRS_19.4505873*NON_24.2195124*OURS_3.27920642*OURSBASE_10.8815456*OURSTHEIRS_36.5086385*THEIRS))|0.145772595*(96*OURS_2*EMPTY_2*OURSTHEIRS))|0.145772595*(74.5098039*OURS_23.5294118*NON_1.96078431*BASETHEIRS))|0.29154519*(3.29004329*BASETHEIRS_18.8600288*NON_22.9292929*OURS_1.7027417*OURSBASE_53.2178933*THEIRS))|0.145772595*(98.2142857*THEIRS_1.78571429*EMPTY))|0.145772595*(71.6666667*THEIRS_11.6666667*NON_5*BASE_5*OURS_3.33333333*OURSTHEIRS_1.66666667*EMPTY_1.66666667*OURSBASE))
64-127,0.563380282*(1.25294811*BASETHEIRS_91.3915095*NON_5.32134434*OURS_2.03419811*THEIRS))|0.563380282*(37.5868056*BASETHEIRS_1.47569445*NON_60.9375*THEIRS))|2.25352113*(3.30617619*BASE_2.76376196*BASETHEIRS_10.8823661*NON_31.1123714*OURS_1.19240135*OURSBASE_4.81324699*OURSTHEIRS_45.929676*THEIRS))|1.12676056*(9.74362459*BASE_1.38755923*NON_88.8688162*THEIRS))|9.57746479*(2.7952136*BASE_33.1513961*NON_28.7804341*OURS_5.77782619*OURSTHEIRS_29.49513*THEIRS))|4.50704225*(5.29720733*EMPTY_46.051652*NON_17.8791831*OURS_8.27715123*OURSTHEIRS_22.4948063*THEIRS))|1.69014085*(100*NON))|1.97183099*(17.234407*NON_57.5612095*OURS_1.67927261*OURSBASE_5.63534997*OURSTHEIRS_17.889761*THEIRS))|12.1126761*(100*OURS))|0.845070423*(3.29573216*BASE_96.7042678*THEIRS))|7.32394366*(39.2983957*NON_32.9536867*OURS_3.3212002*OURSTHEIRS_24.4267174*THEIRS))|3.09859155*(14.6223518*NON_71.2130115*OURS_1.85469163*OURSBASE_12.309945*THEIRS))|4.50704225*(28.2706867*NON_71.7293133*OURS))|12.1126761*(44.3285559*NON_38.1458956*OURS_17.5255486*THEIRS))|0.845070423*(92.7618577*OURS_7.23814229*OURSBASE))|6.1971831*(100*THEIRS))|4.50704225*(1.29059322*BASE_39.2695761*NON_33.822276*OURS_25.6175546*THEIRS))|0.281690141*(68.6567164*OURS_16.4179104*NON_7.46268657*THEIRS_4.47761194*OURSTHEIRS_1.49253731*EMPTY_1.49253731*OURSBASE))|2.53521127*(23.9642057*OURS_76.0357943*THEIRS))|1.12676056*(1.40644777*BASETHEIRS_19.8716672*NON_39.848532*OURS_4.60999585*OURSTHEIRS_34.2633572*THEIRS))|0.845070423*(2.04612543*BASE_2.17654205*BASETHEIRS_5.14272993*NON_40.7948405*OURS_2.81240896*OURSBASE_47.0273531*THEIRS))|2.53521127*(2.20580904*BASE_2.5671453*BASETHEIRS_18.5930156*NON_30.289927*OURS_4.69683834*OURSTHEIRS_41.6472647*THEIRS))|0.281690141*(31.884058*THEIRS_30.4347826*NON_30.4347826*OURS_4.34782609*OURSTHEIRS_1.44927536*BASETHEIRS_1.44927536*OURSBASE))|0.563380282*(1.99046046*OURSTHEIRS_98.0095395*THEIRS))|2.53521127*(5.82824448*NON_91.4731256*OURS_2.69862997*OURSBASE))|1.4084507*(5.58583075*BASE_1.61802488*BASETHEIRS_15.1603331*NON_18.5992471*OURS_59.0365642*THEIRS))|0.281690141*(77.4647887*OURS_19.7183099*THEIRS_1.4084507*EMPTY_1.4084507*OURSTHEIRS))|0.281690141*(93.0555556*THEIRS_4.16666667*BASETHEIRS_1.38888889*NON_1.38888889*OURSTHEIRS))|1.4084507*(1.89331798*EMPTY_36.4992914*NON_26.6381915*OURS_34.9691991*THEIRS))|1.12676056*(1.66782727*BASETHEIRS_3.90145822*NON_60.8022672*OURS_2.04536105*OURSBASE_31.5830863*THEIRS))|1.69014085*(1.02906729*BASE_8.59000406*NON_77.8630787*OURS_1.58779745*OURSBASE_10.9300525*THEIRS))|0.563380282*(95.2129266*BASE_1.230746*OURS_3.5563274*THEIRS))|0.281690141*(87.3417722*THEIRS_5.06329114*BASETHEIRS_3.79746835*BASE_2.53164557*OURSTHEIRS_1.26582278*OURS))|1.12676056*(1.54011722*BASE_1.03698211*EMPTY_26.0572329*NON_56.5729152*OURS_1.52241901*OURSTHEIRS_13.2703336*THEIRS))|0.563380282*(1.1667345*BASE_6.24745625*NON_89.7707231*OURS_2.81508615*OURSBASE))|0.281690141*(91.3580247*OURS_7.40740741*OURSTHEIRS_1.2345679*NON))|0.281690141*(95.1219512*OURS_3.65853659*OURSBASE_1.2195122*THEIRS))|0.563380282*(5.81664815*BASE_3.10530219*EMPTY_42.3618836*NON_34.1490545*OURS_1.38116426*OURSBASE_2.59084168*OURSTHEIRS_10.5951057*THEIRS))|1.69014085*(50.0253424*NON_49.9746576*THEIRS))|0.281690141*(94.5054945*THEIRS_3.2967033*OURS_2.1978022*BASETHEIRS))|0.281690141*(48.3516484*OURS_31.8681319*NON_9.89010989*THEIRS_6.59340659*OURSTHEIRS_1.0989011*BASE_1.0989011*BASETHEIRS_1.0989011*EMPTY))|0.563380282*(2.58293109*BASE_6.51124577*BASETHEIRS_17.423231*NON_24.843381*OURS_1.01674027*OURSBASETHEIRS_3.35318887*OURSTHEIRS_44.2692822*THEIRS))|0.845070423*(2.89345064*BASE_20.4170739*NON_36.1779081*OURS_1.32290648*OURSBASE_7.13587488*OURSTHEIRS_32.0527859*THEIRS))|0.281690141*(69.9029126*NON_20.3883495*THEIRS_7.76699029*OURS_0.970873786*EMPTY_0.970873786*OURSBASE))|0.281690141*(63.4615385*OURS_23.0769231*NON_12.5*OURSTHEIRS_0.961538462*BASE))|0.563380282*(54.7169811*THEIRS_20.754717*NON_19.8113208*OURS_2.83018868*OURSTHEIRS_0.943396226*BASETHEIRS_0.943396226*EMPTY))|0.281690141*(58.7155963*NON_35.7798165*OURS_3.66972477*OURSBASE_0.917431193*BASE_0.917431193*OURSTHEIRS))|0.281690141*(45.9677419*THEIRS_25.8064516*NON_16.1290323*OURS_8.87096774*OURSTHEIRS_1.61290323*BASETHEIRS_0.806451613*EMPTY_0.806451613*OURSBASE))|0.281690141*(94.3548387*THEIRS_3.22580645*NON_1.61290323*BASETHEIRS_0.806451613*BASE))
128-255,3.7037037*(31.4455203*NON_10.1326346*OURS_5.2391468*OURSTHEIRS_53.1826983*THEIRS))|3.7037037*(0.845879528*BASE_3.35373147*NON_91.1790152*OURS_2.84222927*OURSBASE_1.77914454*THEIRS))|14.8148148*(31.9087063*NON_44.2177915*OURS_23.8735022*THEIRS))|5.92592593*(1.67019333*BASE_30.996217*NON_32.5761582*OURS_34.7574315*THEIRS))|1.48148148*(2.61265698*BASETHEIRS_35.2277764*NON_45.7522777*OURS_0.704260035*OURSBASE_5.6660921*OURSTHEIRS_10.0369367*THEIRS))|5.92592593*(1.58669123*BASE_21.1097848*NON_40.6124381*OURS_4.43139712*OURSTHEIRS_32.2596888*THEIRS))|2.96296296*(22.7029348*NON_77.2970651*OURS))|1.48148148*(2.222165*BASE_97.777835*THEIRS))|8.88888889*(6.73208522*NON_88.3248921*OURS_2.18518064*OURSBASE_2.75784207*THEIRS))|2.96296296*(2.11028192*BASE_1.98175788*BASETHEIRS_16.5671642*NON_9.26616915*OURS_70.0746269*THEIRS))|2.22222222*(4.60952495*BASETHEIRS_5.59535409*NON_21.8605558*OURS_2.09460596*OURSTHEIRS_65.8399592*THEIRS))|1.48148148*(1.47058823*BASE_2.94117647*NON_87.867647*OURS_7.72058825*OURSBASE))|13.3333333*(100*OURS))|1.48148148*(100*THEIRS))|5.18518519*(0.974348259*BASE_63.1236103*NON_19.5957265*OURS_0.995675246*OURSBASE_1.90913329*OURSTHEIRS_13.4015064*THEIRS))|6.66666667*(2.10887662*NON_93.6948099*OURS_4.19631346*OURSBASE))|1.48148148*(2.43055556*BASE_1.21527778*EMPTY_35.5034723*NON_36.6319444*OURS_1.90972223*OURSTHEIRS_22.3090278*THEIRS))|1.48148148*(10.5932988*NON_66.2532396*OURS_1.35597927*OURSBASE_1.02276934*OURSTHEIRS_20.774713*THEIRS))|5.18518519*(1.84286023*BASE_4.36285621*BASETHEIRS_20.5882685*NON_12.162185*OURS_2.98167985*OURSTHEIRS_58.0621502*THEIRS))|1.48148148*(100*NON))|0.740740741*(91.5584416*THEIRS_4.54545455*BASETHEIRS_3.24675325*OURS_0.649350649*BASE))|0.740740741*(98.136646*OURS_1.86335404*OURSBASE))|1.48148148*(50.2140849*OURS_49.7859151*THEIRS))|0.740740741*(87.195122*NON_12.804878*THEIRS))|0.740740741*(54.5945946*OURS_19.4594595*NON_14.0540541*THEIRS_7.56756757*OURSTHEIRS_2.7027027*BASE_1.08108108*OURSBASE_0.540540541*BASETHEIRS))|0.740740741*(39.4736842*THEIRS_35.2631579*NON_15.7894737*OURS_5.78947368*BASE_1.57894737*EMPTY_1.05263158*OURSTHEIRS_0.526315789*BASETHEIRS_0.526315789*OURSBASE))|0.740740741*(61.2745098*NON_31.372549*OURS_3.43137255*EMPTY_2.94117647*THEIRS_0.980392157*BASE))|0.740740741*(72.1973094*NON_17.9372197*OURS_6.27802691*OURSTHEIRS_2.24215247*THEIRS_1.34529148*EMPTY))|0.740740741*(93.8271605*OURS_5.76131687*NON_0.411522634*EMPTY))|0.740740741*(96.4705882*OURS_2.74509804*THEIRS_0.392156863*BASETHEIRS_0.392156863*OURSTHEIRS))
256-511,58.0645161*(100*OURS))|12.9032258*(47.0188232*NON_46.2630666*OURS_6.71811022*THEIRS))|6.4516129*(1.74702031*NON_95.8625105*OURS_1.90039454*OURSBASE_0.49007457*THEIRS))|3.22580645*(53.2915361*NON_45.1410658*THEIRS_0.626959248*OURSTHEIRS_0.313479624*BASE_0.313479624*BASETHEIRS_0.313479624*OURS))|6.4516129*(64.9814114*OURS_35.0185887*THEIRS))|3.22580645*(100*THEIRS))|3.22580645*(95.1428571*OURS_2*OURSBASE_1.42857143*THEIRS_1.14285714*NON_0.285714286*BASETHEIRS))|6.4516129*(8.24397539*NON_91.7560246*OURS))
512-1023,63.6363636*(100*OURS))|18.1818182*(100*THEIRS))|9.09090909*(99.537037*OURS_0.308641975*OURSBASE_0.154320988*NON))|9.09090909*(99.7044335*THEIRS_0.197044335*NON_0.0985221675*OURS))
1024-2047,66.6666667*(100*THEIRS))|33.3333333*(100*OURS))
2048-4095,100*(100*OURS))
